old_url,new_url,slug,title,meta_title_status,meta_description,meta_description_status,lastmod,redirect_required,notes,migration_status
https://ajitashah.com/karma-the-law-of-cause-and-effect/,https://ajitashah.com/karma-the-law-of-cause-and-effect/,karma-the-law-of-cause-and-effect,Karma: The law of cause and effect,"OK (theme appends "" – Ajita Shah"")",Karma is the spiritual principle of cause and effect where intent and actions of an individual (cause) influence the future of that individual (effect).,PRESENT,2025-10-19T18:24:11+00:00,NO - slug preserved,,pending
https://ajitashah.com/how-to-identify-the-emotionally-unavailable-partner/,https://ajitashah.com/how-to-identify-the-emotionally-unavailable-partner/,how-to-identify-the-emotionally-unavailable-partner,Identifying the emotionally unavailable partner,"OK (theme appends "" – Ajita Shah"")","Here’s a list of some subtle red flags that may signal unavailability, especially when several add up.",PRESENT,2025-10-13T09:29:07+00:00,NO - slug preserved,,pending
https://ajitashah.com/how-to-identify-the-emotionally-unavailable-partner-2/,https://ajitashah.com/how-to-identify-the-emotionally-unavailable-partner-2/,how-to-identify-the-emotionally-unavailable-partner-2,What is distance healing?,"OK (theme appends "" – Ajita Shah"")",Remote healing practices are surfacing into modern civilization as this ancient art has become measurable by 21st century technological science.,PRESENT,2025-10-13T09:30:39+00:00,NO - slug preserved,"SLUG/CONTENT MISMATCH: slug says ""emotionally-unavailable-partner-2"" but article is ""What is distance healing?"" - NOT a duplicate. Slug change needs a 301 and loses any equity; TODO_CONTENT: confirm with Ajita.",pending
https://ajitashah.com/spiritual-development-and-evolution/,https://ajitashah.com/spiritual-development-and-evolution/,spiritual-development-and-evolution,Spiritual Development and Evolution,"OK (theme appends "" – Ajita Shah"")",Change and evolution is an integral part of the cycle of life and human evolution is no exception.,PRESENT,2025-10-13T09:30:25+00:00,NO - slug preserved,,pending
https://ajitashah.com/energy-imbalances-cause-disease-and-suffering/,https://ajitashah.com/energy-imbalances-cause-disease-and-suffering/,energy-imbalances-cause-disease-and-suffering,Energy Imbalances Cause Disease and Suffering,"OK (theme appends "" – Ajita Shah"")",Energy flows through everything and creates everything. Even our thoughts and emotions are energy.,PRESENT,2025-10-13T09:31:35+00:00,NO - slug preserved,,pending
https://ajitashah.com/what-is-the-chakra-energy-system/,https://ajitashah.com/what-is-the-chakra-energy-system/,what-is-the-chakra-energy-system,What is the Chakra energy system?,"OK (theme appends "" – Ajita Shah"")",Your 7 Chakras work together to create an optimal life for you–when they’re properly aligned and strengthened.,PRESENT,2025-10-11T17:35:56+00:00,NO - slug preserved,,pending
https://ajitashah.com/children-of-the-light/,https://ajitashah.com/children-of-the-light/,children-of-the-light,Children of the Light,"OK (theme appends "" – Ajita Shah"")",Children of light are wise old souls with a strong will and a fine sense of justice. They are socially committed and perceive different energies.,PRESENT,2025-10-11T17:39:22+00:00,NO - slug preserved,,pending
https://ajitashah.com/the-art-of-letting-go/,https://ajitashah.com/the-art-of-letting-go/,the-art-of-letting-go,The art of letting go,"OK (theme appends "" – Ajita Shah"")","We’ve all had to let go of things at some point or another, whether it’s a pet, a friend, boyfriend, or simply graduating high school.",PRESENT,2025-10-19T18:08:49+00:00,NO - slug preserved,,pending
https://ajitashah.com/surviving-infidelity/,https://ajitashah.com/surviving-infidelity/,surviving-infidelity,Surviving Infidelity,"OK (theme appends "" – Ajita Shah"")","It seems no relationship is safe from the potential of infidelity, whether a private relationship or a public one.",PRESENT,2025-10-13T09:28:15+00:00,NO - slug preserved,,pending
https://ajitashah.com/love-not-judge/,https://ajitashah.com/love-not-judge/,love-not-judge,LOVE not judge,"OK (theme appends "" – Ajita Shah"")",,MISSING - needs writing,2025-10-13T10:21:30+00:00,NO - slug preserved,,pending
https://ajitashah.com/creating-a-new-story-for-your-life/,https://ajitashah.com/creating-a-new-story-for-your-life/,creating-a-new-story-for-your-life,Creating a New Story for your Life,"OK (theme appends "" – Ajita Shah"")",,MISSING - needs writing,2025-10-20T10:31:42+00:00,NO - slug preserved,,pending
https://ajitashah.com/why-love-must-be-selfish/,https://ajitashah.com/why-love-must-be-selfish/,why-love-must-be-selfish,Why Love must be Selfish,"OK (theme appends "" – Ajita Shah"")",,MISSING - needs writing,2025-10-13T10:21:43+00:00,NO - slug preserved,,pending
https://ajitashah.com/is-your-ego-driving-your-life/,https://ajitashah.com/is-your-ego-driving-your-life/,is-your-ego-driving-your-life,Is your Ego driving your life?,"OK (theme appends "" – Ajita Shah"")",,MISSING - needs writing,2025-10-13T10:21:54+00:00,NO - slug preserved,,pending
https://ajitashah.com/how-our-past-affects-our-ability-to-parent-now/,https://ajitashah.com/how-our-past-affects-our-ability-to-parent-now/,how-our-past-affects-our-ability-to-parent-now,How our past affects our ability to Parent now,"OK (theme appends "" – Ajita Shah"")",,MISSING - needs writing,2025-10-13T10:23:21+00:00,NO - slug preserved,,pending
https://ajitashah.com/why-are-relationships-so-hard/,https://ajitashah.com/why-are-relationships-so-hard/,why-are-relationships-so-hard,Why are Relationships so hard?,"OK (theme appends "" – Ajita Shah"")",,MISSING - needs writing,2025-10-13T10:24:28+00:00,NO - slug preserved,,pending
https://ajitashah.com/self-reflection/,https://ajitashah.com/self-reflection/,self-reflection,Self-Reflection,"OK (theme appends "" – Ajita Shah"")",,MISSING - needs writing,2025-10-13T10:26:34+00:00,NO - slug preserved,,pending
https://ajitashah.com/impact-of-status-quo-bias-affects-your-decisions/,https://ajitashah.com/impact-of-status-quo-bias-affects-your-decisions/,impact-of-status-quo-bias-affects-your-decisions,Impact of Status Quo Bias Affects Your Decisions,"OK (theme appends "" – Ajita Shah"")",,MISSING - needs writing,2025-10-13T10:30:13+00:00,NO - slug preserved,,pending
https://ajitashah.com/therapeutic-effects-of-soma-breath/,https://ajitashah.com/therapeutic-effects-of-soma-breath/,therapeutic-effects-of-soma-breath,Therapeutic effects of SOMA Breath,"OK (theme appends "" – Ajita Shah"")",,MISSING - needs writing,2025-10-13T10:48:07+00:00,NO - slug preserved,,pending
https://ajitashah.com/how-spiritual-cleansing-can-overcome-your-problems/,https://ajitashah.com/how-spiritual-cleansing-can-overcome-your-problems/,how-spiritual-cleansing-can-overcome-your-problems,How Spiritual Cleansing can Overcome your Problems,"OK (theme appends "" – Ajita Shah"")",,MISSING - needs writing,2025-10-13T11:14:56+00:00,NO - slug preserved,,pending
https://ajitashah.com/limiting-beliefs-impacting-health-and-healing-category/,https://ajitashah.com/limiting-beliefs-impacting-health-and-healing-category/,limiting-beliefs-impacting-health-and-healing-category,Limiting Beliefs Impacting Health and Healing Category,"OK (theme appends "" – Ajita Shah"")",,MISSING - needs writing,2025-10-13T11:16:00+00:00,NO - slug preserved,"Slug contains the word ""category"" - likely an authoring error. Verify before changing.",pending
https://ajitashah.com/science-of-spirituality/,https://ajitashah.com/science-of-spirituality/,science-of-spirituality,Science of Spirituality,"OK (theme appends "" – Ajita Shah"")",,MISSING - needs writing,2025-10-13T11:25:59+00:00,NO - slug preserved,,pending
https://ajitashah.com/how-to-unlock-the-power-of-the-subconscious-mind/,https://ajitashah.com/how-to-unlock-the-power-of-the-subconscious-mind/,how-to-unlock-the-power-of-the-subconscious-mind,How to Unlock the Power of the Subconscious Mind,"OK (theme appends "" – Ajita Shah"")",,MISSING - needs writing,2025-10-13T11:27:22+00:00,NO - slug preserved,,pending
https://ajitashah.com/how-to-gauge-energy-from-people/,https://ajitashah.com/how-to-gauge-energy-from-people/,how-to-gauge-energy-from-people,How to Gauge Energy from People,"OK (theme appends "" – Ajita Shah"")",,MISSING - needs writing,2025-10-13T11:29:35+00:00,NO - slug preserved,,pending
https://ajitashah.com/manifest-your-dream-life-now/,https://ajitashah.com/manifest-your-dream-life-now/,manifest-your-dream-life-now,Manifest Your Dream Life Now,"OK (theme appends "" – Ajita Shah"")",,MISSING - needs writing,2025-10-13T11:31:11+00:00,NO - slug preserved,,pending
https://ajitashah.com/are-you-hiding-the-truth-of-your-life/,https://ajitashah.com/are-you-hiding-the-truth-of-your-life/,are-you-hiding-the-truth-of-your-life,Are You Hiding the Truth of Your Life?,"OK (theme appends "" – Ajita Shah"")",,MISSING - needs writing,2025-10-13T11:33:30+00:00,NO - slug preserved,,pending
https://ajitashah.com/learning-how-to-stop-taking-things-personally/,https://ajitashah.com/learning-how-to-stop-taking-things-personally/,learning-how-to-stop-taking-things-personally,Learning How to Stop Taking Things Personally,"OK (theme appends "" – Ajita Shah"")",,MISSING - needs writing,2025-10-13T11:34:36+00:00,NO - slug preserved,,pending
https://ajitashah.com/spiritual-work-proves-a-better-life-today-and-afterlife/,https://ajitashah.com/spiritual-work-proves-a-better-life-today-and-afterlife/,spiritual-work-proves-a-better-life-today-and-afterlife,Spiritual Work Proves a Better Life Today and Afterlife,"OK (theme appends "" – Ajita Shah"")",,MISSING - needs writing,2025-10-13T11:39:56+00:00,NO - slug preserved,,pending
https://ajitashah.com/letting-go-its-not-a-passive-act/,https://ajitashah.com/letting-go-its-not-a-passive-act/,letting-go-its-not-a-passive-act,Letting Go: It’s Not a Passive Act,"OK (theme appends "" – Ajita Shah"")",,MISSING - needs writing,2025-10-13T11:41:25+00:00,NO - slug preserved,,pending
https://ajitashah.com/developing-your-intuition-your-inner-guide-to-life/,https://ajitashah.com/developing-your-intuition-your-inner-guide-to-life/,developing-your-intuition-your-inner-guide-to-life,Developing Your Intuition: Your Inner Guide to Life,"OK (theme appends "" – Ajita Shah"")",,MISSING - needs writing,2025-10-13T11:44:42+00:00,NO - slug preserved,,pending
https://ajitashah.com/ai-is-rising-fast-but-heres-the-real-risk-no-one-is-talking-about/,https://ajitashah.com/ai-is-rising-fast-but-heres-the-real-risk-no-one-is-talking-about/,ai-is-rising-fast-but-heres-the-real-risk-no-one-is-talking-about,AI Is Rising Fast… But Here’s the Real Risk No One Is Talking About,"OK (theme appends "" – Ajita Shah"")",,MISSING - needs writing,2026-04-28T15:14:10+00:00,NO - slug preserved,,pending
